{
    "skills": [],
    "failed_tasks": {
        "analyze_code": 1
    },
    "networks": {
        "meta_classifier": {
            "W1": [
                -0.21256964356067365,
                0.7609471468714284,
                -0.3080514752086465,
                -0.9393133643222422,
                0.2943132572976981,
                0.10102327904594599,
                0.28556684957507206,
                -0.46895385310855753,
                -0.39882740910969305,
                0.9474924950111581,
                0.17775323297243362,
                -0.33796961798771186
            ],
            "W2": [
                -0.9435968089229549,
                -0.22424514973087994,
                0.005114442689737597,
                0.0545648560264258
            ],
            "hidden_size": 4
        }
    },
    "opinions": [],
    "files": [],
    "facts": [
        "[BIBLE_VEC] In the beginning God created the heaven and the ea..."
    ]
}